,reaction_idx,chain_length,number_of_conformers,asphericity_Boltzmann_average,eccentricity_Boltzmann_average,inertial_shape_factor_Boltzmann_average,radius_of_gyration_Boltzmann_average,spherocity_Boltzmann_average,molecular_weight_Boltzmann_average,logP_Boltzmann_average,qed_Boltzmann_average,TPSA_Boltzmann_average,HOMO_minus_1_Boltzmann_average,HOMO_Boltzmann_average,LUMO_Boltzmann_average,LUMO_plus_1_Boltzmann_average,dipole_moment_Boltzmann_average,quadrupole_moment_Boltzmann_average,polarizability_Boltzmann_average,s1_energy_Boltzmann_average,dominant_transition_energy_Boltzmann_average,dominant_transition_oscillator_strength_Boltzmann_average,t1_energy_Boltzmann_average,chi_parameter_Boltzmann_average,asphericity_mean,eccentricity_mean,inertial_shape_factor_mean,radius_of_gyration_mean,spherocity_mean,molecular_weight_mean,logP_mean,qed_mean,TPSA_mean,HOMO_minus_1_mean,HOMO_mean,LUMO_mean,LUMO_plus_1_mean,dipole_moment_mean,quadrupole_moment_mean,polarizability_mean,s1_energy_mean,dominant_transition_energy_mean,dominant_transition_oscillator_strength_mean,t1_energy_mean,chi_parameter_mean,asphericity_std,eccentricity_std,inertial_shape_factor_std,radius_of_gyration_std,spherocity_std,molecular_weight_std,logP_std,qed_std,TPSA_std,HOMO_minus_1_std,HOMO_std,LUMO_std,LUMO_plus_1_std,dipole_moment_std,quadrupole_moment_std,polarizability_std,s1_energy_std,dominant_transition_energy_std,dominant_transition_oscillator_strength_std,t1_energy_std,chi_parameter_std
0,0,1,5,0.10714247348235557,0.8231083747211952,0.004726814416956372,1.8516296291310415,0.46233412560121584,101.084063972,0.5177999999999999,0.5409744937836245,43.09000000000001,-6.064303901561286,-5.158092428855453,0.1397673763790886,0.7937874764003164,1.6200763418393251,-32.64500596865148,71.89773679813851,5.519953108746411,8.301179400245239,0.09540413115128478,4.973865188049542,0.8192219336671158,0.1768829922934702,0.8691487653227996,0.0058820157069389995,1.8870609571322245,0.4193996582190616,101.084063972,0.5177999999999999,0.5409744937836245,43.09,-6.06804,-5.21352,0.14828,0.8603,1.604238,-32.32628,72.08005399999999,5.5734,8.2115822176,0.0992029226,5.0458,0.8461548694638618,0.09998218038263365,0.060443493316813285,0.0016736713549288997,0.04922979650285388,0.04147662131301363,0.0,0.0,0.0,0.0,0.0238826924780269,0.09055118442074572,0.04443441233998712,0.06798521898177576,0.029688434111619894,0.5091735710442963,0.2108619000198953,0.05082125539574931,0.22234401795295616,0.018709458779369387,0.06909196769523931,0.052543912079774005
1,0,1,5,0.10714247348235557,0.8231083747211952,0.004726814416956372,1.8516296291310415,0.46233412560121584,101.084063972,0.5177999999999999,0.5409744937836245,43.09000000000001,-6.064303901561286,-5.158092428855453,0.1397673763790886,0.7937874764003164,1.6200763418393251,-32.64500596865148,71.89773679813851,5.519953108746411,8.301179400245239,0.09540413115128478,4.973865188049542,0.8507964916976344,0.1768829922934702,0.8691487653227996,0.0058820157069389995,1.8870609571322245,0.4193996582190616,101.084063972,0.5177999999999999,0.5409744937836245,43.09,-6.06804,-5.21352,0.14828,0.8603,1.604238,-32.32628,72.08005399999999,5.5734,8.2115822176,0.0992029226,5.0458,0.8813211819722078,0.09998218038263365,0.060443493316813285,0.0016736713549288997,0.04922979650285388,0.04147662131301363,0.0,0.0,0.0,0.0,0.0238826924780269,0.09055118442074572,0.04443441233998712,0.06798521898177576,0.029688434111619894,0.5091735710442963,0.2108619000198953,0.05082125539574931,0.22234401795295616,0.018709458779369387,0.06909196769523931,0.05961432210024849
2,0,1,5,0.10714247348235557,0.8231083747211952,0.004726814416956372,1.8516296291310415,0.46233412560121584,101.084063972,0.5177999999999999,0.5409744937836245,43.09000000000001,-6.064303901561286,-5.158092428855453,0.1397673763790886,0.7937874764003164,1.6200763418393251,-32.64500596865148,71.89773679813851,5.519953108746411,8.301179400245239,0.09540413115128478,4.973865188049542,0.827407732821504,0.1768829922934702,0.8691487653227996,0.0058820157069389995,1.8870609571322245,0.4193996582190616,101.084063972,0.5177999999999999,0.5409744937836245,43.09,-6.06804,-5.21352,0.14828,0.8603,1.604238,-32.32628,72.08005399999999,5.5734,8.2115822176,0.0992029226,5.0458,0.8548723034033998,0.09998218038263365,0.060443493316813285,0.0016736713549288997,0.04922979650285388,0.04147662131301363,0.0,0.0,0.0,0.0,0.0238826924780269,0.09055118442074572,0.04443441233998712,0.06798521898177576,0.029688434111619894,0.5091735710442963,0.2108619000198953,0.05082125539574931,0.22234401795295616,0.018709458779369387,0.06909196769523931,0.053584183692536196
3,0,1,5,0.10714247348235557,0.8231083747211952,0.004726814416956372,1.8516296291310415,0.46233412560121584,101.084063972,0.5177999999999999,0.5409744937836245,43.09000000000001,-6.064303901561286,-5.158092428855453,0.1397673763790886,0.7937874764003164,1.6200763418393251,-32.64500596865148,71.89773679813851,5.519953108746411,8.301179400245239,0.09540413115128478,4.973865188049542,0.8023348459320466,0.1768829922934702,0.8691487653227996,0.0058820157069389995,1.8870609571322245,0.4193996582190616,101.084063972,0.5177999999999999,0.5409744937836245,43.09,-6.06804,-5.21352,0.14828,0.8603,1.604238,-32.32628,72.08005399999999,5.5734,8.2115822176,0.0992029226,5.0458,0.8265045107549952,0.09998218038263365,0.060443493316813285,0.0016736713549288997,0.04922979650285388,0.04147662131301363,0.0,0.0,0.0,0.0,0.0238826924780269,0.09055118442074572,0.04443441233998712,0.06798521898177576,0.029688434111619894,0.5091735710442963,0.2108619000198953,0.05082125539574931,0.22234401795295616,0.018709458779369387,0.06909196769523931,0.047180684239616154
4,1,1,4,0.4277738537356822,0.9677508374213726,0.011202652786563955,2.0105118962787967,0.35061185282378515,84.093900384,2.3626,0.4504228125641928,0.0,-7.3193548429134605,-5.681363702173177,-0.10021048982920688,1.1372499792717625,0.12355702055240553,-29.49166164058585,77.00280770065214,6.857948850351436,7.1231045506286215,0.5586314838865707,4.519935470261043,0.2761254498778507,0.45502907887018135,0.9716537662201047,0.0119060491311279,2.0320977693210276,0.34591046523764934,84.093900384,2.3626000000000005,0.4504228125641928,0.0,-7.3248999999999995,-5.6838750000000005,-0.0853,1.1628500000000002,0.1230125,-29.4806475,77.14758,6.8877500000000005,7.1361121285,0.5693261752500001,4.53425,0.2732625794636775,0.032704744896745866,0.004639098235689691,0.0008492718163197095,0.025633889000293647,0.006244323289357645,0.0,0.0,0.0,0.0,0.006910861017268359,0.0035621856586465052,0.017556954937194162,0.03222974816325237,0.0016509668884222553,0.012802482506660046,0.17005557738575225,0.035938605055473895,0.017218054393455775,0.015582343401386789,0.017519037264263505,0.0077573932891551525
5,1,1,4,0.4277738537356822,0.9677508374213726,0.011202652786563955,2.0105118962787967,0.35061185282378515,84.093900384,2.3626,0.4504228125641928,0.0,-7.3193548429134605,-5.681363702173177,-0.10021048982920688,1.1372499792717625,0.12355702055240553,-29.49166164058585,77.00280770065214,6.857948850351436,7.1231045506286215,0.5586314838865707,4.519935470261043,0.2857035393488341,0.45502907887018135,0.9716537662201047,0.0119060491311279,2.0320977693210276,0.34591046523764934,84.093900384,2.3626000000000005,0.4504228125641928,0.0,-7.3248999999999995,-5.6838750000000005,-0.0853,1.1628500000000002,0.1230125,-29.4806475,77.14758,6.8877500000000005,7.1361121285,0.5693261752500001,4.53425,0.28265498816874923,0.032704744896745866,0.004639098235689691,0.0008492718163197095,0.025633889000293647,0.006244323289357645,0.0,0.0,0.0,0.0,0.006910861017268359,0.0035621856586465052,0.017556954937194162,0.03222974816325237,0.0016509668884222553,0.012802482506660046,0.17005557738575225,0.035938605055473895,0.017218054393455775,0.015582343401386789,0.017519037264263505,0.008261320084155296
6,2,1,5,0.3226108077063182,0.9446038073463349,0.0025566977770234037,2.648847863060964,0.326882370592658,172.14632988000002,2.7658999999999994,0.4705744261327432,26.3,-6.851329720898611,-5.883490280644085,-0.4733767139331872,0.9234612495696374,0.7680264409950954,-56.38066734310522,131.32221351230416,5.626149530636544,7.25412894443751,0.06907653718925105,5.089172817884567,0.5088004535924026,0.3805744457943311,0.9565928145669942,0.0028551058754673403,2.7162384396067143,0.31497929656259993,172.14632988,2.7659,0.4705744261327432,26.3,-6.8302,-5.870340000000001,-0.45224000000000003,0.95124,0.789262,-56.337832000000006,131.395566,5.64,7.345502570399999,0.0821684062,5.0927999999999995,0.5106584878203094,0.07779332106668485,0.016151075442354626,0.0004052174166223362,0.08692649151954883,0.02835203687257816,0.0,0.0,0.0,0.0,0.038400976550082545,0.021001499946432217,0.030896245726625107,0.06706066656394036,0.03181546746474107,0.12908896358713196,0.0966874259146341,0.01905255888325715,0.35551222189582954,0.03117586026658767,0.005449770637375524,0.008166058262887249
7,2,1,5,0.3226108077063182,0.9446038073463349,0.0025566977770234037,2.648847863060964,0.326882370592658,172.14632988000002,2.7658999999999994,0.4705744261327432,26.3,-6.851329720898611,-5.883490280644085,-0.4733767139331872,0.9234612495696374,0.7680264409950954,-56.38066734310522,131.32221351230416,5.626149530636544,7.25412894443751,0.06907653718925105,5.089172817884567,0.8526718419830297,0.3805744457943311,0.9565928145669942,0.0028551058754673403,2.7162384396067143,0.31497929656259993,172.14632988,2.7659,0.4705744261327432,26.3,-6.8302,-5.870340000000001,-0.45224000000000003,0.95124,0.789262,-56.337832000000006,131.395566,5.64,7.345502570399999,0.0821684062,5.0927999999999995,0.8609662443736761,0.07779332106668485,0.016151075442354626,0.0004052174166223362,0.08692649151954883,0.02835203687257816,0.0,0.0,0.0,0.0,0.038400976550082545,0.021001499946432217,0.030896245726625107,0.06706066656394036,0.03181546746474107,0.12908896358713196,0.0966874259146341,0.01905255888325715,0.35551222189582954,0.03117586026658767,0.005449770637375524,0.019576663715740718
8,2,1,5,0.3226108077063182,0.9446038073463349,0.0025566977770234037,2.648847863060964,0.326882370592658,172.14632988000002,2.7658999999999994,0.4705744261327432,26.3,-6.851329720898611,-5.883490280644085,-0.4733767139331872,0.9234612495696374,0.7680264409950954,-56.38066734310522,131.32221351230416,5.626149530636544,7.25412894443751,0.06907653718925105,5.089172817884567,0.46660049858087216,0.3805744457943311,0.9565928145669942,0.0028551058754673403,2.7162384396067143,0.31497929656259993,172.14632988,2.7659,0.4705744261327432,26.3,-6.8302,-5.870340000000001,-0.45224000000000003,0.95124,0.789262,-56.337832000000006,131.395566,5.64,7.345502570399999,0.0821684062,5.0927999999999995,0.46818104104512415,0.07779332106668485,0.016151075442354626,0.0004052174166223362,0.08692649151954883,0.02835203687257816,0.0,0.0,0.0,0.0,0.038400976550082545,0.021001499946432217,0.030896245726625107,0.06706066656394036,0.03181546746474107,0.12908896358713196,0.0966874259146341,0.01905255888325715,0.35551222189582954,0.03117586026658767,0.005449770637375524,0.007937180827359743
9,2,1,5,0.3226108077063182,0.9446038073463349,0.0025566977770234037,2.648847863060964,0.326882370592658,172.14632988000002,2.7658999999999994,0.4705744261327432,26.3,-6.851329720898611,-5.883490280644085,-0.4733767139331872,0.9234612495696374,0.7680264409950954,-56.38066734310522,131.32221351230416,5.626149530636544,7.25412894443751,0.06907653718925105,5.089172817884567,0.739108409135623,0.3805744457943311,0.9565928145669942,0.0028551058754673403,2.7162384396067143,0.31497929656259993,172.14632988,2.7659,0.4705744261327432,26.3,-6.8302,-5.870340000000001,-0.45224000000000003,0.95124,0.789262,-56.337832000000006,131.395566,5.64,7.345502570399999,0.0821684062,5.0927999999999995,0.7442721924606627,0.07779332106668485,0.016151075442354626,0.0004052174166223362,0.08692649151954883,0.02835203687257816,0.0,0.0,0.0,0.0,0.038400976550082545,0.021001499946432217,0.030896245726625107,0.06706066656394036,0.03181546746474107,0.12908896358713196,0.0966874259146341,0.01905255888325715,0.35551222189582954,0.03117586026658767,0.005449770637375524,0.013954531823155949
10,3,1,5,0.5257422142933865,0.9803066238563796,0.0019482615974085022,3.386133591444087,0.2528646141387884,230.15180918399997,2.4532000000000003,0.45074332132239325,52.6,-5.975145717644876,-5.857374866619848,-0.5956072862892513,-0.37413969253184165,0.8003584236994641,-70.33269913552526,159.61877599223527,5.308211003618543,6.932403034792389,0.03581964519697687,5.046027570094728,0.09501953437225909,0.4595426502480895,0.9661769238505109,0.00140523003218082,3.6747662136035366,0.21046149033185535,230.151809184,2.4532000000000007,0.45074332132239336,52.60000000000001,-5.98506,-5.87508,-0.53234,-0.45194,1.01727,-70.888444,160.50827399999997,5.3756,6.945662111199999,0.04841606,5.048,0.021093930868228417,0.15241021995195145,0.02521112153130706,0.0005875154614808432,0.20465025010761229,0.055077557771241493,0.0,0.0,0.0,0.0,0.04378279342390127,0.012018818577547245,0.04407213405316335,0.04484337186251718,0.5505881024867864,1.8024896741118903,0.505081606604315,0.04293366977093859,0.07656124965208738,0.019103830151776458,0.023227139298673816,0.049693823993992234
11,4,1,5,0.5341043260605637,0.9807857812133314,0.0047517234493084015,2.7674058268134085,0.2574073046711076,144.115029752,2.1298,0.43617381067213673,26.3,-6.977946057453543,-5.895605020862726,-0.49754175871896295,1.1994208567910856,0.7962683550284836,-45.932209825841,105.51757345661693,5.624050435211803,7.7977827352400055,0.08665493403298725,5.057686029036083,0.5063491445446602,0.5417015563019559,0.9788432836232894,0.00486916450296806,2.837335139277719,0.21726549863090722,144.115029752,2.1298000000000004,0.4361738106721368,26.3,-6.985899999999999,-5.9605,-0.48688000000000003,1.18188,0.757394,-46.28212,106.021768,5.6864,7.814972677199999,0.0701185186,5.1436,0.5164267130679592,0.14516662619566237,0.014196839980628298,0.0019269734691182725,0.18010839052083244,0.05529659320661328,0.0,0.0,0.0,0.0,0.017312134472675333,0.05221039168594699,0.025276214115250745,0.039558399866526484,0.02953059227309873,0.5603130643220781,0.6586934017963135,0.04452864246751739,0.11671735014708291,0.01964724927708984,0.060135679924650576,0.025382172411742274
12,5,1,5,0.3451867245093043,0.9513292711736885,0.005095544738347784,2.1345283080861677,0.26622224173663883,118.05492803200002,2.929100000000001,0.5231742325634051,0.0,-7.022219173569459,-5.615837883469937,-0.4171161383397317,0.5732118381511954,0.6292174415060436,-37.52087495396128,87.87305753945037,6.353989103193289,6.612531534178989,0.3009258880071492,4.303308811920287,1.0400343409896207,0.3302521723989678,0.9474291202696469,0.0049679641382826,2.1295666731074157,0.27691358997415966,118.05492803199999,2.929100000000001,0.5231742325634051,0.0,-7.0215000000000005,-5.61494,-0.41714,0.5716,0.629524,-37.524028,87.830152,6.3584000000000005,6.6075934472,0.32848215620000004,4.3024000000000004,1.036252977891489,0.044510699416495825,0.011581839331959266,0.0003791392652619944,0.015474839533372621,0.032590385871854706,0.0,0.0,0.0,0.0,0.0028160255680657856,0.003090792778559779,0.002031748015872045,0.005281098370604377,0.0012261443634417621,0.00942287482671882,0.13288009696715616,0.012361229712289938,0.014697060575821288,0.08462616215411624,0.003646916505762229,0.011796305685125099
13,5,1,5,0.3451867245093043,0.9513292711736885,0.005095544738347784,2.1345283080861677,0.26622224173663883,118.05492803200002,2.929100000000001,0.5231742325634051,0.0,-7.022219173569459,-5.615837883469937,-0.4171161383397317,0.5732118381511954,0.6292174415060436,-37.52087495396128,87.87305753945037,6.353989103193289,6.612531534178989,0.3009258880071492,4.303308811920287,0.2517714969966215,0.3302521723989678,0.9474291202696469,0.0049679641382826,2.1295666731074157,0.27691358997415966,118.05492803199999,2.929100000000001,0.5231742325634051,0.0,-7.0215000000000005,-5.61494,-0.41714,0.5716,0.629524,-37.524028,87.830152,6.3584000000000005,6.6075934472,0.32848215620000004,4.3024000000000004,0.24800324794499512,0.044510699416495825,0.011581839331959266,0.0003791392652619944,0.015474839533372621,0.032590385871854706,0.0,0.0,0.0,0.0,0.0028160255680657856,0.003090792778559779,0.002031748015872045,0.005281098370604377,0.0012261443634417621,0.00942287482671882,0.13288009696715616,0.012361229712289938,0.014697060575821288,0.08462616215411624,0.003646916505762229,0.011749713667281595
14,6,1,5,0.1766417393996335,0.884939690079876,0.0040041933506200274,2.1419146627560877,0.461355677375811,129.11536409999997,1.1206999999999996,0.5468329076916728,20.309999999999995,-5.375415427967902,-5.202864249253064,0.031199307151838225,0.9267597623284227,1.6329920860512512,-41.93750516804346,98.85706956310275,5.421483446979748,6.692208488170307,0.19753000325257378,4.868910124331602,-0.12797468423441422,0.18688992267111765,0.8914413380856894,0.00399749676858944,2.1468869197087646,0.4471005356505839,129.1153641,1.1206999999999998,0.5468329076916729,20.31,-5.38936,-5.206519999999999,0.03636,0.93596,1.626236,-41.943538000000004,99.030498,5.4314,6.758809373599999,0.1818406824,4.8854,-0.11316397249315602,0.02243422997547055,0.014252597179987453,2.9888504154160645e-05,0.010963461734063016,0.03230920352960998,0.0,0.0,0.0,0.0,0.03146892117629714,0.00873882143083372,0.011133867252666522,0.020433501902512904,0.015555458206044611,0.013744259528981109,0.39674599767357815,0.021663333076883576,0.14817645036029511,0.03466312407718154,0.03626017098691073,0.038082159653938664
15,6,1,5,0.1766417393996335,0.884939690079876,0.0040041933506200274,2.1419146627560877,0.461355677375811,129.11536409999997,1.1206999999999996,0.5468329076916728,20.309999999999995,-5.375415427967902,-5.202864249253064,0.031199307151838225,0.9267597623284227,1.6329920860512512,-41.93750516804346,98.85706956310275,5.421483446979748,6.692208488170307,0.19753000325257378,4.868910124331602,-0.04609656387270491,0.18688992267111765,0.8914413380856894,0.00399749676858944,2.1468869197087646,0.4471005356505839,129.1153641,1.1206999999999998,0.5468329076916729,20.31,-5.38936,-5.206519999999999,0.03636,0.93596,1.626236,-41.943538000000004,99.030498,5.4314,6.758809373599999,0.1818406824,4.8854,-0.03388830455353923,0.02243422997547055,0.014252597179987453,2.9888504154160645e-05,0.010963461734063016,0.03230920352960998,0.0,0.0,0.0,0.0,0.03146892117629714,0.00873882143083372,0.011133867252666522,0.020433501902512904,0.015555458206044611,0.013744259528981109,0.39674599767357815,0.021663333076883576,0.14817645036029511,0.03466312407718154,0.03626017098691073,0.03008200861716773
16,6,1,5,0.1766417393996335,0.884939690079876,0.0040041933506200274,2.1419146627560877,0.461355677375811,129.11536409999997,1.1206999999999996,0.5468329076916728,20.309999999999995,-5.375415427967902,-5.202864249253064,0.031199307151838225,0.9267597623284227,1.6329920860512512,-41.93750516804346,98.85706956310275,5.421483446979748,6.692208488170307,0.19753000325257378,4.868910124331602,1.148831582935462,0.18688992267111765,0.8914413380856894,0.00399749676858944,2.1468869197087646,0.4471005356505839,129.1153641,1.1206999999999998,0.5468329076916729,20.31,-5.38936,-5.206519999999999,0.03636,0.93596,1.626236,-41.943538000000004,99.030498,5.4314,6.758809373599999,0.1818406824,4.8854,1.155855615108793,0.02243422997547055,0.014252597179987453,2.9888504154160645e-05,0.010963461734063016,0.03230920352960998,0.0,0.0,0.0,0.0,0.03146892117629714,0.00873882143083372,0.011133867252666522,0.020433501902512904,0.015555458206044611,0.013744259528981109,0.39674599767357815,0.021663333076883576,0.14817645036029511,0.03466312407718154,0.03626017098691073,0.019416814926646157
17,6,1,5,0.1766417393996335,0.884939690079876,0.0040041933506200274,2.1419146627560877,0.461355677375811,129.11536409999997,1.1206999999999996,0.5468329076916728,20.309999999999995,-5.375415427967902,-5.202864249253064,0.031199307151838225,0.9267597623284227,1.6329920860512512,-41.93750516804346,98.85706956310275,5.421483446979748,6.692208488170307,0.19753000325257378,4.868910124331602,1.1162873068499395,0.18688992267111765,0.8914413380856894,0.00399749676858944,2.1468869197087646,0.4471005356505839,129.1153641,1.1206999999999998,0.5468329076916729,20.31,-5.38936,-5.206519999999999,0.03636,0.93596,1.626236,-41.943538000000004,99.030498,5.4314,6.758809373599999,0.1818406824,4.8854,1.122341940569801,0.02243422997547055,0.014252597179987453,2.9888504154160645e-05,0.010963461734063016,0.03230920352960998,0.0,0.0,0.0,0.0,0.03146892117629714,0.00873882143083372,0.011133867252666522,0.020433501902512904,0.015555458206044611,0.013744259528981109,0.39674599767357815,0.021663333076883576,0.14817645036029511,0.03466312407718154,0.03626017098691073,0.01570392865601049
18,7,1,5,0.14187123265808846,0.8613760708333003,0.002273845723605475,2.3870432259634784,0.47222797174755177,157.14666422799996,1.9008999999999998,0.6100575926170065,20.309999999999995,-5.377346634795064,-5.163631214295828,0.030088846066223477,0.8856664158511753,1.6065373740649198,-52.24578489961725,124.40152531260019,5.387498773232684,6.5174547725346805,0.13452969692297606,4.855309333759814,0.059711610695368914,0.17783505584743323,0.8831331967780611,0.00239733873022948,2.422391146687864,0.4584128092514188,157.146664228,1.9009,0.6100575926170066,20.31,-5.36484,-5.14542,0.0625,0.8810600000000001,1.608716,-52.276996,124.42086200000001,5.4026000000000005,6.568105817199999,0.1238424328,4.8722,0.03221407473709983,0.06050599666026929,0.03506782160537848,0.00018579658902942212,0.05246414716517634,0.0682370437905888,0.0,0.0,0.0,0.0,0.021749206882091116,0.030404637804124664,0.04518589381654412,0.019262736046574486,0.010547349430070093,0.10355874386066978,0.1438227305400622,0.026273560854973434,0.1429029601653213,0.03595118636263405,0.02371075705244365,0.05231283043404614
19,7,1,5,0.14187123265808846,0.8613760708333003,0.002273845723605475,2.3870432259634784,0.47222797174755177,157.14666422799996,1.9008999999999998,0.6100575926170065,20.309999999999995,-5.377346634795064,-5.163631214295828,0.030088846066223477,0.8856664158511753,1.6065373740649198,-52.24578489961725,124.40152531260019,5.387498773232684,6.5174547725346805,0.13452969692297606,4.855309333759814,0.11398498912231944,0.17783505584743323,0.8831331967780611,0.00239733873022948,2.422391146687864,0.4584128092514188,157.146664228,1.9009,0.6100575926170066,20.31,-5.36484,-5.14542,0.0625,0.8810600000000001,1.608716,-52.276996,124.42086200000001,5.4026000000000005,6.568105817199999,0.1238424328,4.8722,0.09312615363083916,0.06050599666026929,0.03506782160537848,0.00018579658902942212,0.05246414716517634,0.0682370437905888,0.0,0.0,0.0,0.0,0.021749206882091116,0.030404637804124664,0.04518589381654412,0.019262736046574486,0.010547349430070093,0.10355874386066978,0.1438227305400622,0.026273560854973434,0.1429029601653213,0.03595118636263405,0.02371075705244365,0.04154123695782031
20,7,1,5,0.14187123265808846,0.8613760708333003,0.002273845723605475,2.3870432259634784,0.47222797174755177,157.14666422799996,1.9008999999999998,0.6100575926170065,20.309999999999995,-5.377346634795064,-5.163631214295828,0.030088846066223477,0.8856664158511753,1.6065373740649198,-52.24578489961725,124.40152531260019,5.387498773232684,6.5174547725346805,0.13452969692297606,4.855309333759814,1.3194744074050506,0.17783505584743323,0.8831331967780611,0.00239733873022948,2.422391146687864,0.4584128092514188,157.146664228,1.9009,0.6100575926170066,20.31,-5.36484,-5.14542,0.0625,0.8810600000000001,1.608716,-52.276996,124.42086200000001,5.4026000000000005,6.568105817199999,0.1238424328,4.8722,1.3016973905937745,0.06050599666026929,0.03506782160537848,0.00018579658902942212,0.05246414716517634,0.0682370437905888,0.0,0.0,0.0,0.0,0.021749206882091116,0.030404637804124664,0.04518589381654412,0.019262736046574486,0.010547349430070093,0.10355874386066978,0.1438227305400622,0.026273560854973434,0.1429029601653213,0.03595118636263405,0.02371075705244365,0.03329852633869482
21,7,1,5,0.14187123265808846,0.8613760708333003,0.002273845723605475,2.3870432259634784,0.47222797174755177,157.14666422799996,1.9008999999999998,0.6100575926170065,20.309999999999995,-5.377346634795064,-5.163631214295828,0.030088846066223477,0.8856664158511753,1.6065373740649198,-52.24578489961725,124.40152531260019,5.387498773232684,6.5174547725346805,0.13452969692297606,4.855309333759814,1.281864455800545,0.17783505584743323,0.8831331967780611,0.00239733873022948,2.422391146687864,0.4584128092514188,157.146664228,1.9009,0.6100575926170066,20.31,-5.36484,-5.14542,0.0625,0.8810600000000001,1.608716,-52.276996,124.42086200000001,5.4026000000000005,6.568105817199999,0.1238424328,4.8722,1.2665787774712616,0.06050599666026929,0.03506782160537848,0.00018579658902942212,0.05246414716517634,0.0682370437905888,0.0,0.0,0.0,0.0,0.021749206882091116,0.030404637804124664,0.04518589381654412,0.019262736046574486,0.010547349430070093,0.10355874386066978,0.1438227305400622,0.026273560854973434,0.1429029601653213,0.03595118636263405,0.02371075705244365,0.029341750779105155
22,7,1,5,0.14187123265808846,0.8613760708333003,0.002273845723605475,2.3870432259634784,0.47222797174755177,157.14666422799996,1.9008999999999998,0.6100575926170065,20.309999999999995,-5.377346634795064,-5.163631214295828,0.030088846066223477,0.8856664158511753,1.6065373740649198,-52.24578489961725,124.40152531260019,5.387498773232684,6.5174547725346805,0.13452969692297606,4.855309333759814,1.661458663724554,0.17783505584743323,0.8831331967780611,0.00239733873022948,2.422391146687864,0.4584128092514188,157.146664228,1.9009,0.6100575926170066,20.31,-5.36484,-5.14542,0.0625,0.8810600000000001,1.608716,-52.276996,124.42086200000001,5.4026000000000005,6.568105817199999,0.1238424328,4.8722,1.6196697737033765,0.06050599666026929,0.03506782160537848,0.00018579658902942212,0.05246414716517634,0.0682370437905888,0.0,0.0,0.0,0.0,0.021749206882091116,0.030404637804124664,0.04518589381654412,0.019262736046574486,0.010547349430070093,0.10355874386066978,0.1438227305400622,0.026273560854973434,0.1429029601653213,0.03595118636263405,0.02371075705244365,0.0759956162247309
23,8,1,3,0.057138480741368125,0.7381809822314528,0.005730681144369548,1.8019328482196597,0.7882091112487895,104.065741534,1.4677,0.4576530122011222,9.23,-6.400597740841244,-5.9199885163666774,0.8595114423127417,1.5452004618023074,0.46518557091841756,-34.095599150853786,78.48619521958965,6.816000000000001,8.377127704583453,0.07376180758920008,6.695014806609234,0.09228126728543712,0.05714791521383004,0.7382188592975178,0.005730306599741434,1.8019593536579928,0.788297844121313,104.065741534,1.4677,0.4576530122011222,9.23,-6.4005,-5.9200333333333335,0.8594666666666667,1.5453333333333334,0.46512666666666663,-34.09548,78.48669666666667,6.816,8.377097170666666,0.07378136066666667,6.695,0.0932364248905565,0.00028248106287129715,0.0010740846124666543,1.0111210005196316e-05,0.000726875677874043,0.00240615623119736,0.0,0.0,0.0,0.0,0.0030512292604784413,0.002138535324312853,0.001795364401266069,0.0037287173844813286,0.0018924675250405955,0.003216970624672397,0.021831741417791872,0.0,0.0027319614955973633,0.0010313755799330954,0.0009999999999996678,0.035271548520963494
24,8,1,3,0.057138480741368125,0.7381809822314528,0.005730681144369548,1.8019328482196597,0.7882091112487895,104.065741534,1.4677,0.4576530122011222,9.23,-6.400597740841244,-5.9199885163666774,0.8595114423127417,1.5452004618023074,0.46518557091841756,-34.095599150853786,78.48619521958965,6.816000000000001,8.377127704583453,0.07376180758920008,6.695014806609234,0.7769722473850009,0.05714791521383004,0.7382188592975178,0.005730306599741434,1.8019593536579928,0.788297844121313,104.065741534,1.4677,0.4576530122011222,9.23,-6.4005,-5.9200333333333335,0.8594666666666667,1.5453333333333334,0.46512666666666663,-34.09548,78.48669666666667,6.816,8.377097170666666,0.07378136066666667,6.695,0.7784653860958781,0.00028248106287129715,0.0010740846124666543,1.0111210005196316e-05,0.000726875677874043,0.00240615623119736,0.0,0.0,0.0,0.0,0.0030512292604784413,0.002138535324312853,0.001795364401266069,0.0037287173844813286,0.0018924675250405955,0.003216970624672397,0.021831741417791872,0.0,0.0027319614955973633,0.0010313755799330954,0.0009999999999996678,0.04881212586505411
25,9,1,5,0.3370834372515135,0.950031896116004,0.00474156913936734,2.148161261726059,0.3785710853904032,122.04984265200001,1.5077000000000003,0.5159587326368548,9.23,-6.734625956417093,-5.537380138797997,0.2874466179170659,1.3615907549146258,0.529138002831752,-38.60892738059034,76.98561602805748,5.851137420572216,8.115508704902991,0.037615667278534756,5.787114336919241,0.534550551155464,0.36156495456312304,0.9534404123435175,0.00525981822467584,2.151329633643904,0.34877990835484846,122.04984265200001,1.5077,0.5159587326368548,9.23,-6.63822,-5.6287,0.42404000000000003,1.2436,0.90473,-38.045998,77.245286,6.0812,7.709470656399999,0.0458129134,6.011,0.6262873714974523,0.08102040380100849,0.015432811995173771,0.0007269459183100232,0.0784013900940448,0.06461767485165477,0.0,0.0,0.0,0.0,0.057916552038256054,0.06824635521403286,0.12183284860824688,0.18554081761165117,0.3207359540962005,0.513544612833199,0.48455022787116847,0.13623215479467404,0.5437861040683662,0.009048582718567604,0.14615915982243483,0.0880391907232187
26,9,1,5,0.3370834372515135,0.950031896116004,0.00474156913936734,2.148161261726059,0.3785710853904032,122.04984265200001,1.5077000000000003,0.5159587326368548,9.23,-6.734625956417093,-5.537380138797997,0.2874466179170659,1.3615907549146258,0.529138002831752,-38.60892738059034,76.98561602805748,5.851137420572216,8.115508704902991,0.037615667278534756,5.787114336919241,0.07689829359514602,0.36156495456312304,0.9534404123435175,0.00525981822467584,2.151329633643904,0.34877990835484846,122.04984265200001,1.5077,0.5159587326368548,9.23,-6.63822,-5.6287,0.42404000000000003,1.2436,0.90473,-38.045998,77.245286,6.0812,7.709470656399999,0.0458129134,6.011,0.1002659471916103,0.08102040380100849,0.015432811995173771,0.0007269459183100232,0.0784013900940448,0.06461767485165477,0.0,0.0,0.0,0.0,0.057916552038256054,0.06824635521403286,0.12183284860824688,0.18554081761165117,0.3207359540962005,0.513544612833199,0.48455022787116847,0.13623215479467404,0.5437861040683662,0.009048582718567604,0.14615915982243483,0.03455677663714193
27,10,1,5,0.264139559501145,0.9258334756348277,0.004146752651287192,2.2784477942499097,0.2927180158698769,129.1153641,1.1686,0.6085485466371163,29.100000000000005,-5.6817417439973035,-5.151464005586327,0.1585208059808508,0.7764673883161719,1.6113206737109793,-42.52315536304913,98.68680144917997,5.517484122066584,7.136301975110937,0.1299167746283603,5.004221821859153,1.0879170016664728,0.35564084597812834,0.9494233626265827,0.00477108924900774,2.333881748391685,0.2521024075612766,129.1153641,1.1686,0.6085485466371162,29.1,-5.69866,-5.234640000000001,0.15356,0.8078200000000001,1.589404,-42.191906,99.084758,5.585800000000001,7.1609285852,0.13382071280000002,5.0912,1.1493529972368524,0.10206286208346207,0.022840124639299075,0.0011064432695722269,0.07336909499374808,0.03159314035971861,0.0,0.0,0.0,0.0,0.020899473677583477,0.07374410484913427,0.03625214476413774,0.025244147836676906,0.017210334976403042,0.26738074412717167,0.3098906797081907,0.05192494583531127,0.19173084040350657,0.027629697084136713,0.06619818728636055,0.05711869633188213
28,10,1,5,0.264139559501145,0.9258334756348277,0.004146752651287192,2.2784477942499097,0.2927180158698769,129.1153641,1.1686,0.6085485466371163,29.100000000000005,-5.6817417439973035,-5.151464005586327,0.1585208059808508,0.7764673883161719,1.6113206737109793,-42.52315536304913,98.68680144917997,5.517484122066584,7.136301975110937,0.1299167746283603,5.004221821859153,1.0635131922784533,0.35564084597812834,0.9494233626265827,0.00477108924900774,2.333881748391685,0.2521024075612766,129.1153641,1.1686,0.6085485466371162,29.1,-5.69866,-5.234640000000001,0.15356,0.8078200000000001,1.589404,-42.191906,99.084758,5.585800000000001,7.1609285852,0.13382071280000002,5.0912,1.1190277580544017,0.10206286208346207,0.022840124639299075,0.0011064432695722269,0.07336909499374808,0.03159314035971861,0.0,0.0,0.0,0.0,0.020899473677583477,0.07374410484913427,0.03625214476413774,0.025244147836676906,0.017210334976403042,0.26738074412717167,0.3098906797081907,0.05192494583531127,0.19173084040350657,0.027629697084136713,0.06619818728636055,0.05208744253317888
29,10,1,5,0.264139559501145,0.9258334756348277,0.004146752651287192,2.2784477942499097,0.2927180158698769,129.1153641,1.1686,0.6085485466371163,29.100000000000005,-5.6817417439973035,-5.151464005586327,0.1585208059808508,0.7764673883161719,1.6113206737109793,-42.52315536304913,98.68680144917997,5.517484122066584,7.136301975110937,0.1299167746283603,5.004221821859153,1.0416273677205636,0.35564084597812834,0.9494233626265827,0.00477108924900774,2.333881748391685,0.2521024075612766,129.1153641,1.1686,0.6085485466371162,29.1,-5.69866,-5.234640000000001,0.15356,0.8078200000000001,1.589404,-42.191906,99.084758,5.585800000000001,7.1609285852,0.13382071280000002,5.0912,1.092401780845403,0.10206286208346207,0.022840124639299075,0.0011064432695722269,0.07336909499374808,0.03159314035971861,0.0,0.0,0.0,0.0,0.020899473677583477,0.07374410484913427,0.03625214476413774,0.025244147836676906,0.017210334976403042,0.26738074412717167,0.3098906797081907,0.05192494583531127,0.19173084040350657,0.027629697084136713,0.06619818728636055,0.048202035778185534
30,10,1,5,0.264139559501145,0.9258334756348277,0.004146752651287192,2.2784477942499097,0.2927180158698769,129.1153641,1.1686,0.6085485466371163,29.100000000000005,-5.6817417439973035,-5.151464005586327,0.1585208059808508,0.7764673883161719,1.6113206737109793,-42.52315536304913,98.68680144917997,5.517484122066584,7.136301975110937,0.1299167746283603,5.004221821859153,-0.09580515284828874,0.35564084597812834,0.9494233626265827,0.00477108924900774,2.333881748391685,0.2521024075612766,129.1153641,1.1686,0.6085485466371162,29.1,-5.69866,-5.234640000000001,0.15356,0.8078200000000001,1.589404,-42.191906,99.084758,5.585800000000001,7.1609285852,0.13382071280000002,5.0912,-0.02018784512832929,0.10206286208346207,0.022840124639299075,0.0011064432695722269,0.07336909499374808,0.03159314035971861,0.0,0.0,0.0,0.0,0.020899473677583477,0.07374410484913427,0.03625214476413774,0.025244147836676906,0.017210334976403042,0.26738074412717167,0.3098906797081907,0.05192494583531127,0.19173084040350657,0.027629697084136713,0.06619818728636055,0.07236032115417905
31,10,1,5,0.264139559501145,0.9258334756348277,0.004146752651287192,2.2784477942499097,0.2927180158698769,129.1153641,1.1686,0.6085485466371163,29.100000000000005,-5.6817417439973035,-5.151464005586327,0.1585208059808508,0.7764673883161719,1.6113206737109793,-42.52315536304913,98.68680144917997,5.517484122066584,7.136301975110937,0.1299167746283603,5.004221821859153,-0.043703257406679,0.35564084597812834,0.9494233626265827,0.00477108924900774,2.333881748391685,0.2521024075612766,129.1153641,1.1686,0.6085485466371162,29.1,-5.69866,-5.234640000000001,0.15356,0.8078200000000001,1.589404,-42.191906,99.084758,5.585800000000001,7.1609285852,0.13382071280000002,5.0912,0.0165403865664658,0.10206286208346207,0.022840124639299075,0.0011064432695722269,0.07336909499374808,0.03159314035971861,0.0,0.0,0.0,0.0,0.020899473677583477,0.07374410484913427,0.03625214476413774,0.025244147836676906,0.017210334976403042,0.26738074412717167,0.3098906797081907,0.05192494583531127,0.19173084040350657,0.027629697084136713,0.06619818728636055,0.058620626099998706
32,11,1,5,0.39544864685852266,0.9585026636854368,0.018759697327155565,1.6766796695716333,0.38116331865866004,74.07316494,1.0428000000000002,0.4752681489358652,9.23,-6.928616371214004,-5.465747788709827,1.1289122913388105,1.9479917142699292,0.5288425005651994,-24.413911888887476,55.48071598634907,6.648862455531415,8.464206622373945,0.04121150797616062,6.494356385781474,0.506980083642942,0.5281581280486186,0.9753149703740356,0.024806466773522,1.7492928016883105,0.3234839327324538,74.07316494,1.0428000000000002,0.4752681489358652,9.23,-6.96848,-5.44818,1.17854,1.76084,0.520548,-24.419909999999998,55.669158,6.671200000000001,8.9364982368,0.0604084612,6.531999999999999,0.47891893039848876,0.16323970401525842,0.019913026754544514,0.00838723871398344,0.0902393687436488,0.0703611144436736,0.0,0.0,0.0,0.0,0.0947594428012325,0.033258186962009904,0.05849340133724482,0.22663096213889217,0.033366493222992434,0.1628234826430151,0.36735762285544327,0.0339587985653207,0.8165668921820193,0.037733814335907175,0.04651343891823045,0.04211990891059071
33,11,1,5,0.39544864685852266,0.9585026636854368,0.018759697327155565,1.6766796695716333,0.38116331865866004,74.07316494,1.0428000000000002,0.4752681489358652,9.23,-6.928616371214004,-5.465747788709827,1.1289122913388105,1.9479917142699292,0.5288425005651994,-24.413911888887476,55.48071598634907,6.648862455531415,8.464206622373945,0.04121150797616062,6.494356385781474,-0.06649145468702916,0.5281581280486186,0.9753149703740356,0.024806466773522,1.7492928016883105,0.3234839327324538,74.07316494,1.0428000000000002,0.4752681489358652,9.23,-6.96848,-5.44818,1.17854,1.76084,0.520548,-24.419909999999998,55.669158,6.671200000000001,8.9364982368,0.0604084612,6.531999999999999,-0.0919675779714001,0.16323970401525842,0.019913026754544514,0.00838723871398344,0.0902393687436488,0.0703611144436736,0.0,0.0,0.0,0.0,0.0947594428012325,0.033258186962009904,0.05849340133724482,0.22663096213889217,0.033366493222992434,0.1628234826430151,0.36735762285544327,0.0339587985653207,0.8165668921820193,0.037733814335907175,0.04651343891823045,0.0320448214477515
34,12,1,5,0.22545185214507887,0.9128324226354273,0.001280956369398879,2.8206429970668374,0.33620145281288,202.12050905600003,1.3254000000000001,0.4398275879233554,52.6,-5.950980524746005,-5.129538545467328,-1.0760667480597859,-0.626695273150169,2.0643384250048986,-64.79927251610168,136.24720718025878,4.3020283905739785,5.415517468561318,0.03469130553909283,3.680072268498662,0.03711477294896489,0.4798140452493687,0.9642016028975663,0.00214286123054152,3.344766289126406,0.19536031819087735,202.120509056,1.3254,0.4398275879233554,52.6,-5.71716,-5.349819999999999,-1.24218,-0.53114,1.460872,-62.688365999999995,136.482322,4.3268,5.2659810712,0.0336006112,3.7344,0.02133359274399449,0.20953795723607183,0.033684635895336594,0.0010952440742749295,0.33170286640934965,0.08123649379667604,0.0,0.0,0.0,0.0,0.13482404459146002,0.14136483650469797,0.09826874884723014,0.06393147112338336,0.6558657585741156,1.978641653427928,0.9714409883363896,0.029676590100616587,0.08451265080314103,0.010210118049927178,0.05560845259490677,0.011222410986894233
35,13,1,5,0.15679854755746225,0.8660172119450293,0.001630191170190795,2.3897482190414565,0.31645333067118353,174.089208928,0.5451999999999999,0.43548343071276957,52.60000000000001,-5.647402778611448,-5.439768010876896,-1.4806501241749515,-0.7620378596133492,1.0320959641975311,-52.11384114048619,109.58692631455175,4.149031274448969,6.614336642546621,0.022002210757887563,3.5994867498086625,0.14754170227213553,0.42284362673187736,0.9441487145955965,0.0032245755484531,2.7439478295472215,0.23354034477342314,174.089208928,0.5452,0.4354834307127695,52.6,-5.647740000000001,-5.47216,-1.35462,-0.55528,1.10238,-50.988366,110.77284999999999,4.2796,6.0941153996,0.0413978592,3.7502000000000004,0.1125678754672939,0.2496366574185368,0.0560979167566059,0.0016093376075002736,0.3424157334112785,0.10481141282426053,0.0,0.0,0.0,0.0,0.052844327983237675,0.06097038625431197,0.10483879053098631,0.2310184126860887,0.2590041482293285,1.9121649988769265,1.281179211859138,0.14533168959315146,0.8615513770195069,0.017123051368907315,0.13329928731992538,0.037317682041806875
36,14,1,5,0.5991068012992022,0.9870045378737944,0.000770879652737638,5.009329554236318,0.169345030634927,314.24570956800017,4.446200000000003,0.3119241342091715,52.599999999999994,-5.520830180540499,-5.227292151329152,-1.227245601493151,-0.49199292077911316,1.2297282224750838,-106.09784914425123,237.4865972545677,4.254866650719965,6.142351898295255,0.011702829362919914,3.621612993866815,0.03854376175543819,0.5356994833519609,0.9733187119211919,0.00067557252894148,5.062147813264982,0.1376813715458526,314.24570956800017,4.446200000000003,0.3119241342091715,52.6,-5.53366,-5.22868,-1.2023,-0.46204,1.765222,-104.49928399999999,238.821758,4.2776,6.185116719599999,0.0294401782,3.6514,0.02879682647272942,0.1876357220438431,0.02818325995268518,0.00029865598396736965,0.2832221139505912,0.03956551199919298,0.0,0.0,0.0,0.0,0.016952374464953266,0.017174021078361332,0.017939202880841724,0.04106632440333563,0.41056812993704234,3.318206373762791,0.9355561253714317,0.016577092628081942,0.14523358458508057,0.03257322832995247,0.02278815481779952,0.02951928330211462
37,15,1,1,0.1052985610041206,0.8144569170131917,0.0085242315059322,1.7356580040157634,0.7591831244039179,86.109550448,2.442500000000001,0.4244820558666797,0.0,-7.2703,-7.1516,0.9733,2.0247,0.01778,-31.202,77.43546,8.191,9.551555578,0.085575334,8.028,1.4311885108497644,0.1052985610041206,0.8144569170131917,0.0085242315059322,1.7356580040157634,0.7591831244039179,86.109550448,2.442500000000001,0.4244820558666797,0.0,-7.2703,-7.1516,0.9733,2.0247,0.01778,-31.202,77.43546,8.191,9.551555578,0.085575334,8.028,1.4311885108497644,,,,,,,,,,,,,,,,,,,,,
38,15,1,1,0.1052985610041206,0.8144569170131917,0.0085242315059322,1.7356580040157634,0.7591831244039179,86.109550448,2.442500000000001,0.4244820558666797,0.0,-7.2703,-7.1516,0.9733,2.0247,0.01778,-31.202,77.43546,8.191,9.551555578,0.085575334,8.028,0.5018501886400647,0.1052985610041206,0.8144569170131917,0.0085242315059322,1.7356580040157634,0.7591831244039179,86.109550448,2.442500000000001,0.4244820558666797,0.0,-7.2703,-7.1516,0.9733,2.0247,0.01778,-31.202,77.43546,8.191,9.551555578,0.085575334,8.028,0.5018501886400647,,,,,,,,,,,,,,,,,,,,,
39,15,1,1,0.1052985610041206,0.8144569170131917,0.0085242315059322,1.7356580040157634,0.7591831244039179,86.109550448,2.442500000000001,0.4244820558666797,0.0,-7.2703,-7.1516,0.9733,2.0247,0.01778,-31.202,77.43546,8.191,9.551555578,0.085575334,8.028,0.5294475647892395,0.1052985610041206,0.8144569170131917,0.0085242315059322,1.7356580040157634,0.7591831244039179,86.109550448,2.442500000000001,0.4244820558666797,0.0,-7.2703,-7.1516,0.9733,2.0247,0.01778,-31.202,77.43546,8.191,9.551555578,0.085575334,8.028,0.5294475647892395,,,,,,,,,,,,,,,,,,,,,
40,15,1,1,0.1052985610041206,0.8144569170131917,0.0085242315059322,1.7356580040157634,0.7591831244039179,86.109550448,2.442500000000001,0.4244820558666797,0.0,-7.2703,-7.1516,0.9733,2.0247,0.01778,-31.202,77.43546,8.191,9.551555578,0.085575334,8.028,0.5400636017437654,0.1052985610041206,0.8144569170131917,0.0085242315059322,1.7356580040157634,0.7591831244039179,86.109550448,2.442500000000001,0.4244820558666797,0.0,-7.2703,-7.1516,0.9733,2.0247,0.01778,-31.202,77.43546,8.191,9.551555578,0.085575334,8.028,0.5400636017437654,,,,,,,,,,,,,,,,,,,,,
41,16,1,5,0.25991463066747195,0.9245960726095913,0.0033544935381098913,2.3849703181432007,0.3008410964702822,143.131014164,1.5571000000000002,0.637858546923048,29.100000000000005,-5.650193323585,-5.1183636136187145,0.17249137363868908,0.7286393504044129,1.585217131596728,-47.60386204523347,111.51557897522011,5.499394827020129,7.191803641990427,0.13983691846929963,4.984926874020312,1.156240089769333,0.30891617216533096,0.9370779723307068,0.00371992111121672,2.4122016677651823,0.30540872410487785,143.131014164,1.5571,0.6378585469230479,29.1,-5.651940000000001,-5.1531199999999995,0.14796,0.7353799999999999,1.584158,-47.47267,111.58727800000001,5.505,7.1702642791999995,0.14204590079999999,4.9990000000000006,1.1960484012572539,0.0973800513018969,0.024310469322368182,0.000745226709713338,0.0586066524978827,0.030541132136193624,0.0,0.0,0.0,0.0,0.00672368946338232,0.06983113202576612,0.048809660928959546,0.0235390526572333,0.00935369285362733,0.2590602349840692,0.17759626184128996,0.01705872210923202,0.12823202091993557,0.014316699927632166,0.02874891302293031,0.08176151147719453
42,16,1,5,0.25991463066747195,0.9245960726095913,0.0033544935381098913,2.3849703181432007,0.3008410964702822,143.131014164,1.5571000000000002,0.637858546923048,29.100000000000005,-5.650193323585,-5.1183636136187145,0.17249137363868908,0.7286393504044129,1.585217131596728,-47.60386204523347,111.51557897522011,5.499394827020129,7.191803641990427,0.13983691846929963,4.984926874020312,1.1455535103344574,0.30891617216533096,0.9370779723307068,0.00371992111121672,2.4122016677651823,0.30540872410487785,143.131014164,1.5571,0.6378585469230479,29.1,-5.651940000000001,-5.1531199999999995,0.14796,0.7353799999999999,1.584158,-47.47267,111.58727800000001,5.505,7.1702642791999995,0.14204590079999999,4.9990000000000006,1.183208002841997,0.0973800513018969,0.024310469322368182,0.000745226709713338,0.0586066524978827,0.030541132136193624,0.0,0.0,0.0,0.0,0.00672368946338232,0.06983113202576612,0.048809660928959546,0.0235390526572333,0.00935369285362733,0.2590602349840692,0.17759626184128996,0.01705872210923202,0.12823202091993557,0.014316699927632166,0.02874891302293031,0.07669874233561298
43,16,1,5,0.25991463066747195,0.9245960726095913,0.0033544935381098913,2.3849703181432007,0.3008410964702822,143.131014164,1.5571000000000002,0.637858546923048,29.100000000000005,-5.650193323585,-5.1183636136187145,0.17249137363868908,0.7286393504044129,1.585217131596728,-47.60386204523347,111.51557897522011,5.499394827020129,7.191803641990427,0.13983691846929963,4.984926874020312,1.3045911368417613,0.30891617216533096,0.9370779723307068,0.00371992111121672,2.4122016677651823,0.30540872410487785,143.131014164,1.5571,0.6378585469230479,29.1,-5.651940000000001,-5.1531199999999995,0.14796,0.7353799999999999,1.584158,-47.47267,111.58727800000001,5.505,7.1702642791999995,0.14204590079999999,4.9990000000000006,1.373415604181568,0.0973800513018969,0.024310469322368182,0.000745226709713338,0.0586066524978827,0.030541132136193624,0.0,0.0,0.0,0.0,0.00672368946338232,0.06983113202576612,0.048809660928959546,0.0235390526572333,0.00935369285362733,0.2590602349840692,0.17759626184128996,0.01705872210923202,0.12823202091993557,0.014316699927632166,0.02874891302293031,0.14005080846375903
44,16,1,5,0.25991463066747195,0.9245960726095913,0.0033544935381098913,2.3849703181432007,0.3008410964702822,143.131014164,1.5571000000000002,0.637858546923048,29.100000000000005,-5.650193323585,-5.1183636136187145,0.17249137363868908,0.7286393504044129,1.585217131596728,-47.60386204523347,111.51557897522011,5.499394827020129,7.191803641990427,0.13983691846929963,4.984926874020312,-0.07711725926994112,0.30891617216533096,0.9370779723307068,0.00371992111121672,2.4122016677651823,0.30540872410487785,143.131014164,1.5571,0.6378585469230479,29.1,-5.651940000000001,-5.1531199999999995,0.14796,0.7353799999999999,1.584158,-47.47267,111.58727800000001,5.505,7.1702642791999995,0.14204590079999999,4.9990000000000006,-0.016087818577015262,0.0973800513018969,0.024310469322368182,0.000745226709713338,0.0586066524978827,0.030541132136193624,0.0,0.0,0.0,0.0,0.00672368946338232,0.06983113202576612,0.048809660928959546,0.0235390526572333,0.00935369285362733,0.2590602349840692,0.17759626184128996,0.01705872210923202,0.12823202091993557,0.014316699927632166,0.02874891302293031,0.13000110241359017
45,16,1,5,0.25991463066747195,0.9245960726095913,0.0033544935381098913,2.3849703181432007,0.3008410964702822,143.131014164,1.5571000000000002,0.637858546923048,29.100000000000005,-5.650193323585,-5.1183636136187145,0.17249137363868908,0.7286393504044129,1.585217131596728,-47.60386204523347,111.51557897522011,5.499394827020129,7.191803641990427,0.13983691846929963,4.984926874020312,-0.015952048542777143,0.30891617216533096,0.9370779723307068,0.00371992111121672,2.4122016677651823,0.30540872410487785,143.131014164,1.5571,0.6378585469230479,29.1,-5.651940000000001,-5.1531199999999995,0.14796,0.7353799999999999,1.584158,-47.47267,111.58727800000001,5.505,7.1702642791999995,0.14204590079999999,4.9990000000000006,0.03246712473345246,0.0973800513018969,0.024310469322368182,0.000745226709713338,0.0586066524978827,0.030541132136193624,0.0,0.0,0.0,0.0,0.00672368946338232,0.06983113202576612,0.048809660928959546,0.0235390526572333,0.00935369285362733,0.2590602349840692,0.17759626184128996,0.01705872210923202,0.12823202091993557,0.014316699927632166,0.02874891302293031,0.10201054481968502
46,17,1,5,0.04399301704093266,0.7012507837636491,0.004056688217994355,1.8913602695178011,0.69182365267172,115.099714036,0.9078999999999999,0.5707016040377848,43.09,-6.049285466555781,-5.213991059396028,0.11931013614693428,0.8415397232886324,1.568745725116353,-37.34430855938743,84.589219794933,5.542766148200473,8.134715684981188,0.08252729962852318,5.022285402469107,0.9672796442342902,0.05630673531546494,0.7190243922208557,0.0041941345516224,1.8980021873148876,0.6865771492312605,115.099714036,0.9079,0.5707016040377848,43.09,-6.04758,-5.2097999999999995,0.12132000000000001,0.8346199999999999,1.571608,-37.382132,84.555736,5.5402000000000005,8.0492725608,0.07953850579999999,5.0198,0.966023396286834,0.05454465888665481,0.08456565400190794,0.0006060246629727774,0.029654132698735042,0.018597838830444736,0.0,0.0,0.0,0.0,0.01782167219988064,0.019020515240129116,0.015331405675931994,0.08638392211517136,0.010486034522163254,0.14365482282193348,0.19170508660439997,0.013311649033835051,0.36181422636629496,0.013149904324447072,0.01651363073342687,0.010687114577056468
47,17,1,5,0.04399301704093266,0.7012507837636491,0.004056688217994355,1.8913602695178011,0.69182365267172,115.099714036,0.9078999999999999,0.5707016040377848,43.09,-6.049285466555781,-5.213991059396028,0.11931013614693428,0.8415397232886324,1.568745725116353,-37.34430855938743,84.589219794933,5.542766148200473,8.134715684981188,0.08252729962852318,5.022285402469107,0.9321255278114913,0.05630673531546494,0.7190243922208557,0.0041941345516224,1.8980021873148876,0.6865771492312605,115.099714036,0.9079,0.5707016040377848,43.09,-6.04758,-5.2097999999999995,0.12132000000000001,0.8346199999999999,1.571608,-37.382132,84.555736,5.5402000000000005,8.0492725608,0.07953850579999999,5.0198,0.9309658478990694,0.05454465888665481,0.08456565400190794,0.0006060246629727774,0.029654132698735042,0.018597838830444736,0.0,0.0,0.0,0.0,0.01782167219988064,0.019020515240129116,0.015331405675931994,0.08638392211517136,0.010486034522163254,0.14365482282193348,0.19170508660439997,0.013311649033835051,0.36181422636629496,0.013149904324447072,0.01651363073342687,0.008899130824815896
48,18,1,3,0.34750269089017694,0.9480764943235995,0.006438134111875772,2.1301373763415854,0.2791882912421144,98.109550448,2.752700000000001,0.4657299227272448,0.0,-7.2175688850008495,-5.28809651575585,0.012402611398508075,1.1551706775277994,0.14755857270225706,-34.38504790859394,90.00704965842147,6.432359216080881,6.684949695248429,0.3208675694077781,4.324946072751634,0.33625103319878796,0.3082743631599046,0.938132286644877,0.005929806245274001,2.1073637917175536,0.3032629356056095,98.109550448,2.752700000000001,0.4657299227272447,0.0,-7.2196,-5.3175,0.015166666666666667,1.1377666666666666,0.13843000000000003,-34.39059666666666,90.11524666666666,6.460666666666666,6.734750641333332,0.36934276066666666,4.351,0.33403511815249837,0.10048331210884533,0.025499934757848175,0.0013018565626876422,0.05848915548618967,0.061645649449728904,0.0,0.0,0.0,0.0,0.005273518749374223,0.07525842145567482,0.007112196097783957,0.04455741614291985,0.023366597955200918,0.014396750790831416,0.277878383530155,0.07247298347200387,0.12746591657650894,0.12407237437153314,0.06668583057891679,0.0067138939653703066
49,18,1,3,0.34750269089017694,0.9480764943235995,0.006438134111875772,2.1301373763415854,0.2791882912421144,98.109550448,2.752700000000001,0.4657299227272448,0.0,-7.2175688850008495,-5.28809651575585,0.012402611398508075,1.1551706775277994,0.14755857270225706,-34.38504790859394,90.00704965842147,6.432359216080881,6.684949695248429,0.3208675694077781,4.324946072751634,0.3483974474641474,0.3082743631599046,0.938132286644877,0.005929806245274001,2.1073637917175536,0.3032629356056095,98.109550448,2.752700000000001,0.4657299227272447,0.0,-7.2196,-5.3175,0.015166666666666667,1.1377666666666666,0.13843000000000003,-34.39059666666666,90.11524666666666,6.460666666666666,6.734750641333332,0.36934276066666666,4.351,0.3460162811128786,0.10048331210884533,0.025499934757848175,0.0013018565626876422,0.05848915548618967,0.061645649449728904,0.0,0.0,0.0,0.0,0.005273518749374223,0.07525842145567482,0.007112196097783957,0.04455741614291985,0.023366597955200918,0.014396750790831416,0.277878383530155,0.07247298347200387,0.12746591657650894,0.12407237437153314,0.06668583057891679,0.0072879773888532805
50,19,1,3,0.2259508256535755,0.9085245270069688,0.007809428348974607,1.8511412704924772,0.38582691755948484,102.06807956,0.8154,0.4579236904082328,26.3,-7.002486155404664,-5.8342305324130335,-0.43331318180951245,1.1644989926244695,0.825290264608294,-31.56077276234012,67.56745344331897,5.638019932260739,7.808243494789815,0.12608324511790767,5.055347674259847,-0.08427132339318627,0.28881878406078765,0.9307415162227154,0.008764393546340966,1.8788939537671754,0.3215849046330692,102.06807956,0.8154,0.4579236904082327,26.3,-7.009666666666667,-5.925033333333334,-0.45059999999999995,1.2022000000000002,0.78276,-31.318393333333333,67.81845666666668,5.697666666666667,8.255336412666665,0.12973937733333332,5.1370000000000005,-0.06122604731178367,0.06267854727175355,0.02215005316064139,0.0009520881214668498,0.027669239732872497,0.06404846413301091,0.0,0.0,0.0,0.0,0.007161936423435568,0.09053051051072943,0.017246158992656864,0.0376154223690231,0.042417581260604666,0.24166753657314774,0.25025737238557255,0.05946707772653157,0.4457768569245057,0.0067707423906034295,0.08140638795573718,0.02621270655452026
51,20,1,5,0.1733602661170196,0.8817718089451672,0.004899253865884377,1.9982032566541776,0.3918676261848169,116.08372962400001,1.2055,0.506664866588942,26.300000000000004,-6.98348361978183,-5.844298520037637,-0.4674692519364857,1.1095430147209477,0.8049280711725981,-36.455061384933416,80.01452371907506,5.602866158668551,7.9560993966785345,0.08659427599584993,5.042494987522371,0.3365773363044553,0.2534638838619422,0.9136599466317324,0.00562930804970026,2.0546502636353314,0.32775878930140534,116.08372962399999,1.2055,0.506664866588942,26.3,-6.98882,-5.87318,-0.44348,1.14124,0.7891999999999999,-36.322843999999996,80.273624,5.6533999999999995,8.112896617199999,0.09897161759999999,5.0952,0.35680184242940816,0.1087903300927199,0.04012885415436386,0.0013204464185268426,0.0699588505151211,0.07768359934917617,0.0,0.0,0.0,0.0,0.018048462538398934,0.08016640193996472,0.04497134643303444,0.037718867957562054,0.05086778155178384,0.232518032375986,0.3009954199485432,0.06343737068952297,0.5015245611216713,0.031519095933491545,0.07346223519605141,0.041479715149713214
52,20,1,5,0.1733602661170196,0.8817718089451672,0.004899253865884377,1.9982032566541776,0.3918676261848169,116.08372962400001,1.2055,0.506664866588942,26.300000000000004,-6.98348361978183,-5.844298520037637,-0.4674692519364857,1.1095430147209477,0.8049280711725981,-36.455061384933416,80.01452371907506,5.602866158668551,7.9560993966785345,0.08659427599584993,5.042494987522371,-0.11206116415483383,0.2534638838619422,0.9136599466317324,0.00562930804970026,2.0546502636353314,0.32775878930140534,116.08372962399999,1.2055,0.506664866588942,26.3,-6.98882,-5.87318,-0.44348,1.14124,0.7891999999999999,-36.322843999999996,80.273624,5.6533999999999995,8.112896617199999,0.09897161759999999,5.0952,-0.09748193537689014,0.1087903300927199,0.04012885415436386,0.0013204464185268426,0.0699588505151211,0.07768359934917617,0.0,0.0,0.0,0.0,0.018048462538398934,0.08016640193996472,0.04497134643303444,0.037718867957562054,0.05086778155178384,0.232518032375986,0.3009954199485432,0.06343737068952297,0.5015245611216713,0.031519095933491545,0.07346223519605141,0.03121738915218241
53,21,1,3,0.14562822628565816,0.8664809078873855,0.009845826457397632,1.6289037471928505,0.5523112776160878,72.093900384,2.0524000000000004,0.4444408351269941,0.0,-7.2967180491069055,-7.261993254320809,1.0251859131650245,1.9619753209609487,0.030077790670132977,-26.1307890219394,64.25315943102788,8.357154034962514,9.35931659369067,0.07441473528179407,8.1389810707745,1.3907020519229303,0.23819530403715516,0.9118248496397348,0.010704324902298867,1.6704811382006959,0.42613771178630655,72.093900384,2.0524000000000004,0.4444408351269941,0.0,-7.358866666666667,-7.2693666666666665,1.0961333333333334,1.9296333333333333,0.02854,-26.166766666666664,64.51102666666667,8.435,9.610557659999998,0.2084022276666667,8.232333333333335,1.403300939422844,0.08444400364681044,0.04136461130073682,0.0007831688955275472,0.0379344398531374,0.11510321098170492,0.0,0.0,0.0,0.0,0.05673106145079023,0.0067307750915727715,0.064720965176157,0.029535797489374422,0.0014144610280951535,0.03283455547640991,0.23549733805997244,0.0710140831103246,0.22919170390631347,0.12236566757729567,0.08516063253248804,0.014676408082904074
54,21,1,3,0.14562822628565816,0.8664809078873855,0.009845826457397632,1.6289037471928505,0.5523112776160878,72.093900384,2.0524000000000004,0.4444408351269941,0.0,-7.2967180491069055,-7.261993254320809,1.0251859131650245,1.9619753209609487,0.030077790670132977,-26.1307890219394,64.25315943102788,8.357154034962514,9.35931659369067,0.07441473528179407,8.1389810707745,0.45532394362657086,0.23819530403715516,0.9118248496397348,0.010704324902298867,1.6704811382006959,0.42613771178630655,72.093900384,2.0524000000000004,0.4444408351269941,0.0,-7.358866666666667,-7.2693666666666665,1.0961333333333334,1.9296333333333333,0.02854,-26.166766666666664,64.51102666666667,8.435,9.610557659999998,0.2084022276666667,8.232333333333335,0.46912780757677236,0.08444400364681044,0.04136461130073682,0.0007831688955275472,0.0379344398531374,0.11510321098170492,0.0,0.0,0.0,0.0,0.05673106145079023,0.0067307750915727715,0.064720965176157,0.029535797489374422,0.0014144610280951535,0.03283455547640991,0.23549733805997244,0.0710140831103246,0.22919170390631347,0.12236566757729567,0.08516063253248804,0.016062571823487158
55,22,1,5,0.11448652486044263,0.8366520011346943,0.0037582717486942113,2.0459458910305193,0.5181238017027069,130.099379688,1.5956000000000001,0.530516212792232,26.3,-6.992981408681783,-5.880209703029161,-0.4661014198620727,1.075074447646288,0.7828782356695394,-41.24652840949354,92.80379715997127,5.6445174508785865,8.180019122849064,0.07643824948437145,5.0763465268088,-0.31148830614241224,0.11728230030209988,0.8392502788936949,0.00378173132132784,2.0480162599827714,0.518561294378516,130.099379688,1.5956,0.530516212792232,26.3,-6.99312,-5.88178,-0.46672,1.07744,0.77623,-41.22941,92.83826400000001,5.6436,8.1818146196,0.0807933238,5.079000000000001,-0.31434400409094787,0.012889085631439187,0.011953642485862608,0.00011251795650078959,0.009790704490091904,0.002197165629716669,0.0,0.0,0.0,0.0,0.0006760177512466323,0.007261680246333958,0.004212718837045727,0.010494903525044914,0.03109120052362078,0.07920936718595693,0.1552622611261333,0.005639148871948549,0.008109274870551249,0.020150303526080916,0.011640446726822762,0.01534647527871529
56,23,1,5,0.2846497241835617,0.9304953418129351,0.004298622532929022,2.2916537428125676,0.49898937820535444,134.109550448,3.2001000000000017,0.5823253102746542,0.0,-6.1239593444873766,-5.865640795352771,-0.8445225528491975,-0.7424217932668358,0.1802963067576791,-45.278944960091906,120.47519636864078,5.305178257385689,7.256632432886072,0.4201052533538191,4.229319363518579,0.21901313091542665,0.3677997090088604,0.9507714094121148,0.00495962036182404,2.3506073390904954,0.43925598674963473,134.109550448,3.2001000000000017,0.5823253102746541,0.0,-6.11518,-5.8551400000000005,-0.83062,-0.7297399999999999,0.198942,-45.279958,120.741912,5.3086,7.350637821999999,0.4444822414,4.233,0.2055223098498309,0.10250837300153674,0.024981111065769054,0.0008153351364742785,0.07259815947355135,0.07420557234505479,0.0,0.0,0.0,0.0,0.010828527138997112,0.012997999846130258,0.017121682160348612,0.015606825429920075,0.02305487952690276,0.004204030209214864,0.33074821090974726,0.0042778499272411894,0.21790883177949175,0.05728677378041058,0.004636809247748173,0.01866889385223698
57,23,1,5,0.2846497241835617,0.9304953418129351,0.004298622532929022,2.2916537428125676,0.49898937820535444,134.109550448,3.2001000000000017,0.5823253102746542,0.0,-6.1239593444873766,-5.865640795352771,-0.8445225528491975,-0.7424217932668358,0.1802963067576791,-45.278944960091906,120.47519636864078,5.305178257385689,7.256632432886072,0.4201052533538191,4.229319363518579,0.24295378629350023,0.3677997090088604,0.9507714094121148,0.00495962036182404,2.3506073390904954,0.43925598674963473,134.109550448,3.2001000000000017,0.5823253102746541,0.0,-6.11518,-5.8551400000000005,-0.83062,-0.7297399999999999,0.198942,-45.279958,120.741912,5.3086,7.350637821999999,0.4444822414,4.233,0.22778395003664004,0.10250837300153674,0.024981111065769054,0.0008153351364742785,0.07259815947355135,0.07420557234505479,0.0,0.0,0.0,0.0,0.010828527138997112,0.012997999846130258,0.017121682160348612,0.015606825429920075,0.02305487952690276,0.004204030209214864,0.33074821090974726,0.0042778499272411894,0.21790883177949175,0.05728677378041058,0.004636809247748173,0.02133424248906587
58,23,1,5,0.2846497241835617,0.9304953418129351,0.004298622532929022,2.2916537428125676,0.49898937820535444,134.109550448,3.2001000000000017,0.5823253102746542,0.0,-6.1239593444873766,-5.865640795352771,-0.8445225528491975,-0.7424217932668358,0.1802963067576791,-45.278944960091906,120.47519636864078,5.305178257385689,7.256632432886072,0.4201052533538191,4.229319363518579,0.26249293264103757,0.3677997090088604,0.9507714094121148,0.00495962036182404,2.3506073390904954,0.43925598674963473,134.109550448,3.2001000000000017,0.5823253102746541,0.0,-6.11518,-5.8551400000000005,-0.83062,-0.7297399999999999,0.198942,-45.279958,120.741912,5.3086,7.350637821999999,0.4444822414,4.233,0.24749020876390482,0.10250837300153674,0.024981111065769054,0.0008153351364742785,0.07259815947355135,0.07420557234505479,0.0,0.0,0.0,0.0,0.010828527138997112,0.012997999846130258,0.017121682160348612,0.015606825429920075,0.02305487952690276,0.004204030209214864,0.33074821090974726,0.0042778499272411894,0.21790883177949175,0.05728677378041058,0.004636809247748173,0.021530126971495752
59,23,1,5,0.2846497241835617,0.9304953418129351,0.004298622532929022,2.2916537428125676,0.49898937820535444,134.109550448,3.2001000000000017,0.5823253102746542,0.0,-6.1239593444873766,-5.865640795352771,-0.8445225528491975,-0.7424217932668358,0.1802963067576791,-45.278944960091906,120.47519636864078,5.305178257385689,7.256632432886072,0.4201052533538191,4.229319363518579,0.23321376491327475,0.3677997090088604,0.9507714094121148,0.00495962036182404,2.3506073390904954,0.43925598674963473,134.109550448,3.2001000000000017,0.5823253102746541,0.0,-6.11518,-5.8551400000000005,-0.83062,-0.7297399999999999,0.198942,-45.279958,120.741912,5.3086,7.350637821999999,0.4444822414,4.233,0.22099130399376404,0.10250837300153674,0.024981111065769054,0.0008153351364742785,0.07259815947355135,0.07420557234505479,0.0,0.0,0.0,0.0,0.010828527138997112,0.012997999846130258,0.017121682160348612,0.015606825429920075,0.02305487952690276,0.004204030209214864,0.33074821090974726,0.0042778499272411894,0.21790883177949175,0.05728677378041058,0.004636809247748173,0.017286822460879127
60,23,1,5,0.2846497241835617,0.9304953418129351,0.004298622532929022,2.2916537428125676,0.49898937820535444,134.109550448,3.2001000000000017,0.5823253102746542,0.0,-6.1239593444873766,-5.865640795352771,-0.8445225528491975,-0.7424217932668358,0.1802963067576791,-45.278944960091906,120.47519636864078,5.305178257385689,7.256632432886072,0.4201052533538191,4.229319363518579,0.25818323496241813,0.3677997090088604,0.9507714094121148,0.00495962036182404,2.3506073390904954,0.43925598674963473,134.109550448,3.2001000000000017,0.5823253102746541,0.0,-6.11518,-5.8551400000000005,-0.83062,-0.7297399999999999,0.198942,-45.279958,120.741912,5.3086,7.350637821999999,0.4444822414,4.233,0.2443307671251675,0.10250837300153674,0.024981111065769054,0.0008153351364742785,0.07259815947355135,0.07420557234505479,0.0,0.0,0.0,0.0,0.010828527138997112,0.012997999846130258,0.017121682160348612,0.015606825429920075,0.02305487952690276,0.004204030209214864,0.33074821090974726,0.0042778499272411894,0.21790883177949175,0.05728677378041058,0.004636809247748173,0.019918877792089635
61,23,1,5,0.2846497241835617,0.9304953418129351,0.004298622532929022,2.2916537428125676,0.49898937820535444,134.109550448,3.2001000000000017,0.5823253102746542,0.0,-6.1239593444873766,-5.865640795352771,-0.8445225528491975,-0.7424217932668358,0.1802963067576791,-45.278944960091906,120.47519636864078,5.305178257385689,7.256632432886072,0.4201052533538191,4.229319363518579,0.3029355827396186,0.3677997090088604,0.9507714094121148,0.00495962036182404,2.3506073390904954,0.43925598674963473,134.109550448,3.2001000000000017,0.5823253102746541,0.0,-6.11518,-5.8551400000000005,-0.83062,-0.7297399999999999,0.198942,-45.279958,120.741912,5.3086,7.350637821999999,0.4444822414,4.233,0.2916963195314901,0.10250837300153674,0.024981111065769054,0.0008153351364742785,0.07259815947355135,0.07420557234505479,0.0,0.0,0.0,0.0,0.010828527138997112,0.012997999846130258,0.017121682160348612,0.015606825429920075,0.02305487952690276,0.004204030209214864,0.33074821090974726,0.0042778499272411894,0.21790883177949175,0.05728677378041058,0.004636809247748173,0.01775324595242012
62,23,1,5,0.2846497241835617,0.9304953418129351,0.004298622532929022,2.2916537428125676,0.49898937820535444,134.109550448,3.2001000000000017,0.5823253102746542,0.0,-6.1239593444873766,-5.865640795352771,-0.8445225528491975,-0.7424217932668358,0.1802963067576791,-45.278944960091906,120.47519636864078,5.305178257385689,7.256632432886072,0.4201052533538191,4.229319363518579,0.3113642671692682,0.3677997090088604,0.9507714094121148,0.00495962036182404,2.3506073390904954,0.43925598674963473,134.109550448,3.2001000000000017,0.5823253102746541,0.0,-6.11518,-5.8551400000000005,-0.83062,-0.7297399999999999,0.198942,-45.279958,120.741912,5.3086,7.350637821999999,0.4444822414,4.233,0.30106114488846575,0.10250837300153674,0.024981111065769054,0.0008153351364742785,0.07259815947355135,0.07420557234505479,0.0,0.0,0.0,0.0,0.010828527138997112,0.012997999846130258,0.017121682160348612,0.015606825429920075,0.02305487952690276,0.004204030209214864,0.33074821090974726,0.0042778499272411894,0.21790883177949175,0.05728677378041058,0.004636809247748173,0.01690706588525938
63,23,1,5,0.2846497241835617,0.9304953418129351,0.004298622532929022,2.2916537428125676,0.49898937820535444,134.109550448,3.2001000000000017,0.5823253102746542,0.0,-6.1239593444873766,-5.865640795352771,-0.8445225528491975,-0.7424217932668358,0.1802963067576791,-45.278944960091906,120.47519636864078,5.305178257385689,7.256632432886072,0.4201052533538191,4.229319363518579,0.23399869260887016,0.3677997090088604,0.9507714094121148,0.00495962036182404,2.3506073390904954,0.43925598674963473,134.109550448,3.2001000000000017,0.5823253102746541,0.0,-6.11518,-5.8551400000000005,-0.83062,-0.7297399999999999,0.198942,-45.279958,120.741912,5.3086,7.350637821999999,0.4444822414,4.233,0.2192900060729006,0.10250837300153674,0.024981111065769054,0.0008153351364742785,0.07259815947355135,0.07420557234505479,0.0,0.0,0.0,0.0,0.010828527138997112,0.012997999846130258,0.017121682160348612,0.015606825429920075,0.02305487952690276,0.004204030209214864,0.33074821090974726,0.0042778499272411894,0.21790883177949175,0.05728677378041058,0.004636809247748173,0.02054516073263167
64,23,1,5,0.2846497241835617,0.9304953418129351,0.004298622532929022,2.2916537428125676,0.49898937820535444,134.109550448,3.2001000000000017,0.5823253102746542,0.0,-6.1239593444873766,-5.865640795352771,-0.8445225528491975,-0.7424217932668358,0.1802963067576791,-45.278944960091906,120.47519636864078,5.305178257385689,7.256632432886072,0.4201052533538191,4.229319363518579,0.24234482503437418,0.3677997090088604,0.9507714094121148,0.00495962036182404,2.3506073390904954,0.43925598674963473,134.109550448,3.2001000000000017,0.5823253102746541,0.0,-6.11518,-5.8551400000000005,-0.83062,-0.7297399999999999,0.198942,-45.279958,120.741912,5.3086,7.350637821999999,0.4444822414,4.233,0.22705227760407865,0.10250837300153674,0.024981111065769054,0.0008153351364742785,0.07259815947355135,0.07420557234505479,0.0,0.0,0.0,0.0,0.010828527138997112,0.012997999846130258,0.017121682160348612,0.015606825429920075,0.02305487952690276,0.004204030209214864,0.33074821090974726,0.0042778499272411894,0.21790883177949175,0.05728677378041058,0.004636809247748173,0.021485170568001224
65,23,1,5,0.2846497241835617,0.9304953418129351,0.004298622532929022,2.2916537428125676,0.49898937820535444,134.109550448,3.2001000000000017,0.5823253102746542,0.0,-6.1239593444873766,-5.865640795352771,-0.8445225528491975,-0.7424217932668358,0.1802963067576791,-45.278944960091906,120.47519636864078,5.305178257385689,7.256632432886072,0.4201052533538191,4.229319363518579,0.8089698975180131,0.3677997090088604,0.9507714094121148,0.00495962036182404,2.3506073390904954,0.43925598674963473,134.109550448,3.2001000000000017,0.5823253102746541,0.0,-6.11518,-5.8551400000000005,-0.83062,-0.7297399999999999,0.198942,-45.279958,120.741912,5.3086,7.350637821999999,0.4444822414,4.233,0.7947944302037002,0.10250837300153674,0.024981111065769054,0.0008153351364742785,0.07259815947355135,0.07420557234505479,0.0,0.0,0.0,0.0,0.010828527138997112,0.012997999846130258,0.017121682160348612,0.015606825429920075,0.02305487952690276,0.004204030209214864,0.33074821090974726,0.0042778499272411894,0.21790883177949175,0.05728677378041058,0.004636809247748173,0.01996002589918228
66,23,1,5,0.2846497241835617,0.9304953418129351,0.004298622532929022,2.2916537428125676,0.49898937820535444,134.109550448,3.2001000000000017,0.5823253102746542,0.0,-6.1239593444873766,-5.865640795352771,-0.8445225528491975,-0.7424217932668358,0.1802963067576791,-45.278944960091906,120.47519636864078,5.305178257385689,7.256632432886072,0.4201052533538191,4.229319363518579,0.6486373936501109,0.3677997090088604,0.9507714094121148,0.00495962036182404,2.3506073390904954,0.43925598674963473,134.109550448,3.2001000000000017,0.5823253102746541,0.0,-6.11518,-5.8551400000000005,-0.83062,-0.7297399999999999,0.198942,-45.279958,120.741912,5.3086,7.350637821999999,0.4444822414,4.233,0.6358975458211452,0.10250837300153674,0.024981111065769054,0.0008153351364742785,0.07259815947355135,0.07420557234505479,0.0,0.0,0.0,0.0,0.010828527138997112,0.012997999846130258,0.017121682160348612,0.015606825429920075,0.02305487952690276,0.004204030209214864,0.33074821090974726,0.0042778499272411894,0.21790883177949175,0.05728677378041058,0.004636809247748173,0.018642319434101787
67,23,1,5,0.2846497241835617,0.9304953418129351,0.004298622532929022,2.2916537428125676,0.49898937820535444,134.109550448,3.2001000000000017,0.5823253102746542,0.0,-6.1239593444873766,-5.865640795352771,-0.8445225528491975,-0.7424217932668358,0.1802963067576791,-45.278944960091906,120.47519636864078,5.305178257385689,7.256632432886072,0.4201052533538191,4.229319363518579,3.184886098164739,0.3677997090088604,0.9507714094121148,0.00495962036182404,2.3506073390904954,0.43925598674963473,134.109550448,3.2001000000000017,0.5823253102746541,0.0,-6.11518,-5.8551400000000005,-0.83062,-0.7297399999999999,0.198942,-45.279958,120.741912,5.3086,7.350637821999999,0.4444822414,4.233,3.1648168730697046,0.10250837300153674,0.024981111065769054,0.0008153351364742785,0.07259815947355135,0.07420557234505479,0.0,0.0,0.0,0.0,0.010828527138997112,0.012997999846130258,0.017121682160348612,0.015606825429920075,0.02305487952690276,0.004204030209214864,0.33074821090974726,0.0042778499272411894,0.21790883177949175,0.05728677378041058,0.004636809247748173,0.02611916564327336
68,23,1,5,0.2846497241835617,0.9304953418129351,0.004298622532929022,2.2916537428125676,0.49898937820535444,134.109550448,3.2001000000000017,0.5823253102746542,0.0,-6.1239593444873766,-5.865640795352771,-0.8445225528491975,-0.7424217932668358,0.1802963067576791,-45.278944960091906,120.47519636864078,5.305178257385689,7.256632432886072,0.4201052533538191,4.229319363518579,2.6805498414162585,0.3677997090088604,0.9507714094121148,0.00495962036182404,2.3506073390904954,0.43925598674963473,134.109550448,3.2001000000000017,0.5823253102746541,0.0,-6.11518,-5.8551400000000005,-0.83062,-0.7297399999999999,0.198942,-45.279958,120.741912,5.3086,7.350637821999999,0.4444822414,4.233,2.6633149192480787,0.10250837300153674,0.024981111065769054,0.0008153351364742785,0.07259815947355135,0.07420557234505479,0.0,0.0,0.0,0.0,0.010828527138997112,0.012997999846130258,0.017121682160348612,0.015606825429920075,0.02305487952690276,0.004204030209214864,0.33074821090974726,0.0042778499272411894,0.21790883177949175,0.05728677378041058,0.004636809247748173,0.023071321593731202
69,24,1,5,0.5788002356873027,0.9853109601137768,0.010843929221613143,2.3283603207683985,0.2683870126742788,102.104465068,1.823,0.4918698876466746,9.23,-6.904428219213626,-5.455796074653031,1.0803064934387903,1.5512314545891126,0.5189609734615026,-34.44847202741604,81.07652009915401,6.5661042550702495,7.92868405141083,0.07603837820493702,6.455055691583382,0.662924564086347,0.6679978275337175,0.9906306332820842,0.01453852648899116,2.4205919526185244,0.2162882712707271,102.104465068,1.823,0.4918698876466746,9.23,-6.9946399999999995,-5.46808,1.1595600000000001,1.47008,0.48466000000000004,-34.092698,81.664396,6.6568,8.344404471199999,0.0727131836,6.5316,0.7283855901386151,0.11090118860520895,0.005699099378965976,0.006461106053741319,0.11493084262044105,0.05201043198704195,0.0,0.0,0.0,0.0,0.08941939386956263,0.01451712781510202,0.07689462269885972,0.07930092685460878,0.032808464608999915,0.38093506444012176,0.5561877880086942,0.0935718974906465,0.3944820406893056,0.01651031470585485,0.07282032683255416,0.08888484686630453
70,24,1,5,0.5788002356873027,0.9853109601137768,0.010843929221613143,2.3283603207683985,0.2683870126742788,102.104465068,1.823,0.4918698876466746,9.23,-6.904428219213626,-5.455796074653031,1.0803064934387903,1.5512314545891126,0.5189609734615026,-34.44847202741604,81.07652009915401,6.5661042550702495,7.92868405141083,0.07603837820493702,6.455055691583382,0.03197897732720166,0.6679978275337175,0.9906306332820842,0.01453852648899116,2.4205919526185244,0.2162882712707271,102.104465068,1.823,0.4918698876466746,9.23,-6.9946399999999995,-5.46808,1.1595600000000001,1.47008,0.48466000000000004,-34.092698,81.664396,6.6568,8.344404471199999,0.0727131836,6.5316,0.0652244657133966,0.11090118860520895,0.005699099378965976,0.006461106053741319,0.11493084262044105,0.05201043198704195,0.0,0.0,0.0,0.0,0.08941939386956263,0.01451712781510202,0.07689462269885972,0.07930092685460878,0.032808464608999915,0.38093506444012176,0.5561877880086942,0.0935718974906465,0.3944820406893056,0.01651031470585485,0.07282032683255416,0.05384733606692117
71,25,1,5,0.583606294116009,0.985309762474644,0.006451021988041214,2.679126574877335,0.20022789100447477,130.099379688,1.7397000000000005,0.4277197407264159,26.3,-6.839611616238093,-5.944349790826102,-0.43539406792675495,1.1518213852557786,0.8587570755505686,-42.5604518291664,93.5769465091364,5.735701492471038,7.505717662251591,0.05345308172209247,5.16160089230968,-0.030474148200018335,0.5805976250868713,0.9843228861695323,0.00664144176073794,2.6763149004685345,0.20101913158986026,130.099379688,1.7397000000000002,0.42771974072641583,26.3,-6.81332,-5.95148,-0.42942,1.1546800000000002,0.850652,-42.339800000000004,93.63419400000001,5.7468,7.5370863848,0.06390587839999999,5.1774000000000004,-0.030219443559364,0.10320958058385427,0.00793593717816128,0.0020545560931490886,0.10142515726350698,0.02678243776215638,0.0,0.0,0.0,0.0,0.049973963220861374,0.021608725089648676,0.01948838115390808,0.009436471798294118,0.04728312933806308,0.4793513382165507,0.29797138055524797,0.021510462570572396,0.52823973646669,0.025041036679955928,0.029108418026406426,0.008615240318742376
72,26,1,5,0.25375311938510575,0.9246204491243266,0.004983506633473838,2.0835866276139416,0.3080901362692187,116.08372962400001,1.348,0.5088591538782316,26.300000000000004,-6.838157137407712,-5.913828406638001,-0.40824083531052907,1.1358933746024897,0.8622649775808253,-36.78988907042104,80.77765044528928,5.722459024689754,8.12020581403698,0.10594506983258857,5.170230743121477,-0.1756865952600981,0.27169842095417357,0.929778144579957,0.00539965171118274,2.0864156748328653,0.3450613387443875,116.08372962399999,1.348,0.5088591538782316,26.3,-6.8235399999999995,-5.9174999999999995,-0.40499999999999997,1.10358,0.8664540000000001,-36.83774,80.763476,5.731199999999999,7.9030282324,0.10760183300000001,5.1756,-0.17113724734355965,0.03279779788201553,0.010174157315072927,0.0006722803782521757,0.013573760960115672,0.06349973589475065,0.0,0.0,0.0,0.0,0.019735450336893456,0.007275987905432623,0.010037180879111422,0.048017777957752424,0.014454263384897895,0.0847610862955407,0.1317864510486573,0.020216330032921136,0.5853912745451288,0.023266894423827046,0.015915401345866675,0.007601042177942913
73,26,1,5,0.25375311938510575,0.9246204491243266,0.004983506633473838,2.0835866276139416,0.3080901362692187,116.08372962400001,1.348,0.5088591538782316,26.300000000000004,-6.838157137407712,-5.913828406638001,-0.40824083531052907,1.1358933746024897,0.8622649775808253,-36.78988907042104,80.77765044528928,5.722459024689754,8.12020581403698,0.10594506983258857,5.170230743121477,-0.035651522852716055,0.27169842095417357,0.929778144579957,0.00539965171118274,2.0864156748328653,0.3450613387443875,116.08372962399999,1.348,0.5088591538782316,26.3,-6.8235399999999995,-5.9174999999999995,-0.40499999999999997,1.10358,0.8664540000000001,-36.83774,80.763476,5.731199999999999,7.9030282324,0.10760183300000001,5.1756,-0.03157536091584519,0.03279779788201553,0.010174157315072927,0.0006722803782521757,0.013573760960115672,0.06349973589475065,0.0,0.0,0.0,0.0,0.019735450336893456,0.007275987905432623,0.010037180879111422,0.048017777957752424,0.014454263384897895,0.0847610862955407,0.1317864510486573,0.020216330032921136,0.5853912745451288,0.023266894423827046,0.015915401345866675,0.007098228248436306
74,26,1,5,0.25375311938510575,0.9246204491243266,0.004983506633473838,2.0835866276139416,0.3080901362692187,116.08372962400001,1.348,0.5088591538782316,26.300000000000004,-6.838157137407712,-5.913828406638001,-0.40824083531052907,1.1358933746024897,0.8622649775808253,-36.78988907042104,80.77765044528928,5.722459024689754,8.12020581403698,0.10594506983258857,5.170230743121477,2.782716081926209,0.27169842095417357,0.929778144579957,0.00539965171118274,2.0864156748328653,0.3450613387443875,116.08372962399999,1.348,0.5088591538782316,26.3,-6.8235399999999995,-5.9174999999999995,-0.40499999999999997,1.10358,0.8664540000000001,-36.83774,80.763476,5.731199999999999,7.9030282324,0.10760183300000001,5.1756,2.786516985899648,0.03279779788201553,0.010174157315072927,0.0006722803782521757,0.013573760960115672,0.06349973589475065,0.0,0.0,0.0,0.0,0.019735450336893456,0.007275987905432623,0.010037180879111422,0.048017777957752424,0.014454263384897895,0.0847610862955407,0.1317864510486573,0.020216330032921136,0.5853912745451288,0.023266894423827046,0.015915401345866675,0.01464237227681265
75,26,1,5,0.25375311938510575,0.9246204491243266,0.004983506633473838,2.0835866276139416,0.3080901362692187,116.08372962400001,1.348,0.5088591538782316,26.300000000000004,-6.838157137407712,-5.913828406638001,-0.40824083531052907,1.1358933746024897,0.8622649775808253,-36.78988907042104,80.77765044528928,5.722459024689754,8.12020581403698,0.10594506983258857,5.170230743121477,0.2527558487499856,0.27169842095417357,0.929778144579957,0.00539965171118274,2.0864156748328653,0.3450613387443875,116.08372962399999,1.348,0.5088591538782316,26.3,-6.8235399999999995,-5.9174999999999995,-0.40499999999999997,1.10358,0.8664540000000001,-36.83774,80.763476,5.731199999999999,7.9030282324,0.10760183300000001,5.1756,0.2552098129967801,0.03279779788201553,0.010174157315072927,0.0006722803782521757,0.013573760960115672,0.06349973589475065,0.0,0.0,0.0,0.0,0.019735450336893456,0.007275987905432623,0.010037180879111422,0.048017777957752424,0.014454263384897895,0.0847610862955407,0.1317864510486573,0.020216330032921136,0.5853912745451288,0.023266894423827046,0.015915401345866675,0.0048078796111433765
76,26,1,5,0.25375311938510575,0.9246204491243266,0.004983506633473838,2.0835866276139416,0.3080901362692187,116.08372962400001,1.348,0.5088591538782316,26.300000000000004,-6.838157137407712,-5.913828406638001,-0.40824083531052907,1.1358933746024897,0.8622649775808253,-36.78988907042104,80.77765044528928,5.722459024689754,8.12020581403698,0.10594506983258857,5.170230743121477,0.35374107630766105,0.27169842095417357,0.929778144579957,0.00539965171118274,2.0864156748328653,0.3450613387443875,116.08372962399999,1.348,0.5088591538782316,26.3,-6.8235399999999995,-5.9174999999999995,-0.40499999999999997,1.10358,0.8664540000000001,-36.83774,80.763476,5.731199999999999,7.9030282324,0.10760183300000001,5.1756,0.35705501390203254,0.03279779788201553,0.010174157315072927,0.0006722803782521757,0.013573760960115672,0.06349973589475065,0.0,0.0,0.0,0.0,0.019735450336893456,0.007275987905432623,0.010037180879111422,0.048017777957752424,0.014454263384897895,0.0847610862955407,0.1317864510486573,0.020216330032921136,0.5853912745451288,0.023266894423827046,0.015915401345866675,0.006357448001328495
77,27,1,3,0.15105253155099524,0.870909530927255,0.010496170978664838,1.5734569591479153,0.5634900942509683,74.07316494,0.7772,0.4869274292842043,20.23,-7.173703085681894,-5.6967427064384655,0.870978457380048,1.9809104581262529,0.6345827322149032,-24.183854548358685,55.41763902657276,6.672127820601057,9.403011152277893,0.07293861266070781,6.41452255000969,1.3178253338033095,0.25150356309745936,0.916891471864998,0.0114932302731445,1.619943341638475,0.4305785357006077,74.07316494,0.7772,0.4869274292842043,20.23,-7.163933333333333,-5.702966666666666,0.9482333333333334,1.8282,0.6296666666666667,-24.23499666666667,55.64711,6.757000000000001,8.401946895333332,0.06607109,6.4926666666666675,1.2978309630706473,0.09084702758297898,0.04150808489853177,0.0009612447290400426,0.04208706523919356,0.12238234359475618,0.0,0.0,0.0,0.0,0.008805869254840466,0.015964439649838385,0.08098718005544661,0.18819625394784034,0.006728278630774247,0.09905445438410689,0.2300845655405847,0.07767238891652571,0.9018222041772949,0.011500639767726145,0.07683965989860544,0.03523815998216044
78,28,1,5,0.24028376333294063,0.9106177259829642,0.00732458740319211,1.8018099157105107,0.3305391633288468,88.08881500400001,1.4313000000000002,0.4958658917288184,9.23,-6.7582772701186595,-5.396340662935574,1.1313863827486705,1.749281646938622,0.5311346696948858,-29.379113976985273,67.9472913049259,6.546492322794912,8.7105577502089,0.0387073426291959,6.460799103956883,-0.2929858541623667,0.28230801129211996,0.9276167245541249,0.00802938126485862,1.824680520872818,0.3119922927230658,88.088815004,1.4313,0.4958658917288184,9.23,-6.82864,-5.402939999999999,1.1479,1.7425599999999999,0.517386,-29.30976,68.21570799999999,6.575399999999999,8.849419643999997,0.0529800096,6.478199999999999,-0.26816488082319,0.08439810971906023,0.03154228357414039,0.0020459120593565487,0.042002871286511353,0.029282177695173172,0.0,0.0,0.0,0.0,0.14310053459019662,0.04613450985975699,0.0297569319655102,0.04093119836994761,0.029899247983854075,0.15616626348222523,0.5290137150112446,0.05725644068574328,0.22719789205407903,0.027780245233565915,0.028551707479588368,0.07673932717635278
79,29,1,3,0.3884390560890273,0.9608336760127493,0.010531818200256103,1.753604194325685,0.41811389817343886,92.039277968,2.0237,0.4343756024502976,0.0,-6.607957294809306,-6.576116481690374,0.24254461118039136,1.2634452521339608,0.903377471191419,-29.45227340251367,61.03982718474818,7.157931797864063,9.091629477137236,0.07876325810929201,6.4785024143622545,0.17722969131765628,0.2591875804474662,0.9133392417035792,0.007900194201613532,1.6902577773256906,0.4402070320736921,92.03927796800001,2.0237,0.4343756024502976,0.0,-6.640466666666666,-6.599333333333334,0.3102,1.1917666666666669,0.8732766666666666,-29.294300000000003,60.96144333333333,7.283666666666666,9.122642635333333,0.06195630766666666,6.547999999999999,0.1972156074422052,0.11595539624288426,0.04225966737792582,0.0024078165454180385,0.058587566308678736,0.0888216960383749,0.0,0.0,0.0,0.0,0.02859796030022632,0.024236405123972515,0.06306924765684142,0.08777621165972772,0.026307788453865426,0.13846201609105793,0.23000478024017754,0.10991966763656681,0.2662170302334477,0.01801761629539364,0.061147362984842135,0.017913676277198788
80,30,1,5,0.1348119694022004,0.8510926036191908,0.003501822040655075,2.1414429665688184,0.4962181676489885,141.1153641,1.4073,0.5690201651699793,20.31,-5.420583868559659,-5.098156533776653,0.12092904762800423,0.8183288301121955,1.6156894314210857,-46.495220658171206,105.99260804560792,5.39819803781009,7.236578485437196,0.11297349765790683,4.927936403465381,1.1124666643312817,0.17182963814926847,0.8748992140380197,0.0034983805081953796,2.179934243699795,0.5211204478113957,141.1153641,1.4073,0.5690201651699792,20.31,-5.38378,-5.14654,0.18128,0.83406,1.6585059999999998,-46.792768,106.48236,5.514200000000001,7.2028065496,0.13976254059999998,5.0016,1.0058471548946541,0.06573826536963381,0.0381016128016541,0.00023428165783062133,0.05643811820671545,0.05679568997552418,0.0,0.0,0.0,0.0,0.027516485967507096,0.029884912581434844,0.03927832735746267,0.05613272663963509,0.025691927331362257,0.18348212629572433,0.39409785751765186,0.07090275029926535,0.023895128270051202,0.022222378496696227,0.04356948473415744,0.06301101190543648
